CAGR,AnnualVol,Sharpe,MaxDrawdown,w_Sweden,w_Gold,w_Bonds_Short_1-3Y,w_USA_SP500,w_Bonds_Long_20Y,w_REITs,w_Emerging,Return
0.0955706229000517,0.09303910090313114,1.030908002675163,-0.2290067966543028,0.019548217684927666,0.26860888816959333,0.016809318017208287,0.38386100243553883,0.27256752203345264,0.01887919865634107,0.01972585300293825,0.0955706229000517
0.08668013925166362,0.0872969565901058,0.9996801766830724,-0.24895962298418672,0.030037365535729617,0.18327411530646776,0.04035587615303141,0.34283430560298345,0.36989482005552266,0.02963387424615779,0.003969643100107374,0.08668013925166362
0.09912944731024065,0.09994177878665506,0.9979851960357993,-0.1838209935576388,0.04778605772264287,0.3049544584542513,0.16245879575817573,0.4167543625455436,0.044992361880412085,0.02201302393014224,0.0010409397088321825,0.09912944731024065
